Student_ID,Name,Gender,Age,Department,Study_Hours,Attendance,Math_Score,Reading_Score,Writing_Score
S0001,Priya,Female,22,Civil,5.5,61.0,96.0,56.0,95.0
S0002,Nisha,Female,24,Civil,4.8,86.0,88.0,91.0,75.0
S0003,Kunal,Male,18,Civil,1.6,73.0,92.0,48.0,66.0
S0004,Aarav,Female,23,IT,2.5,71.0,62.0,64.0,89.0
S0005,Deb,Male,23,IT,1.6,89.0,58.0,60.0,67.0
S0006,Rahul,Female,18,IT,3.5,82.0,45.0,67.0,95.0
S0007,Amit,Female,24,CSE,4.4,93.0,96.0,73.0,63.0
S0008,Abhishek,Female,24,ME,4.9,85.0,72.0,75.0,89.0
S0009,Aarav,Male,24,ECE,6.7,100.0,73.0,84.0,44.0
S0010,Vikram,Female,21,ECE,4.4,69.0,94.0,49.0,78.0
S0011,Vikram,Female,23,ME,6.0,89.0,56.0,77.0,63.0
S0012,Neha,Female,22,Civil,5.9,80.0,67.0,54.0,56.0
S0013,Sayan,Male,18,ECE,5.6,93.0,69.0,93.0,71.0
S0014,Puja,Female,19,IT,5.8,84.0,72.0,91.0,90.0
S0015,Puja,Female,22,CSE,6.8,75.0,69.0,93.0,44.0
S0016,Kunal,Female,21,ECE,7.8,77.0,44.0,83.0,55.0
S0017,Puja,Female,18,ECE,6.2,81.0,49.0,70.0,96.0
S0018,Aarav,Male,18,ME,5.1,60.0,79.0,92.0,50.0
S0019,Riya,Male,22,CSE,6.3,72.0,82.0,90.0,78.0
S0020,Ishita,Male,18,IT,5.7,91.0,89.0,97.0,69.0
S0021,Vikram,Male,22,CSE,4.3,63.0,78.0,86.0,70.0
S0022,Moumita,Male,21,ECE,7.5,92.0,59.0,74.0,64.0
S0023,Deb,Male,22,ECE,3.6,61.0,64.0,46.0,41.0
S0024,Ishita,Female,24,CSE,1.2,85.0,60.0,85.0,57.0
S0025,Kunal,Female,18,ME,7.6,91.0,79.0,93.0,48.0
S0026,Rahul,Male,21,Civil,3.4,93.0,54.0,85.0,83.0
S0027,Rohan,Female,18,ECE,5.5,66.0,42.0,83.0,72.0
S0028,Ananya,Female,24,ECE,4.4,98.0,68.0,43.0,46.0
S0029,Sourav,Male,24,Civil,7.3,63.0,50.0,84.0,92.0
S0030,Sneha,Female,20,ME,4.7,60.0,64.0,61.0,49.0
S0031,Ishita,Male,20,ME,4.5,81.0,58.0,71.0,49.0
S0032,Aditya,Female,21,CSE,4.7,88.0,90.0,59.0,90.0
S0033,Priya,Male,19,CSE,7.7,84.0,81.0,63.0,64.0
S0034,Diya,Male,18,IT,6.9,77.0,75.0,85.0,74.0
S0035,Diya,Male,18,Civil,6.0,90.0,88.0,78.0,84.0
S0036,Arjun,Female,22,IT,5.7,63.0,46.0,92.0,54.0
S0037,Priya,Female,19,CSE,5.8,77.0,86.0,93.0,49.0
S0038,Sourav,Male,22,IT,2.9,59.0,58.0,62.0,48.0
S0039,Sayan,Female,18,CSE,3.9,71.0,66.0,42.0,41.0
S0040,Priya,Male,18,IT,1.9,98.0,75.0,70.0,92.0
S0041,Ishita,Female,24,ME,5.3,96.0,85.0,81.0,40.0
S0042,Deb,Female,22,ECE,5.2,82.0,83.0,49.0,81.0
S0043,Ishita,Female,21,IT,7.6,77.0,43.0,89.0,83.0
S0044,Tanya,Male,20,IT,3.0,62.0,59.0,91.0,64.0
S0045,Aditya,Male,22,IT,2.4,58.0,86.0,49.0,48.0
S0046,Nisha,Male,18,CSE,1.9,77.0,78.0,83.0,79.0
S0047,Moumita,Male,21,Civil,5.0,81.0,64.0,66.0,53.0
S0048,Tanya,Male,24,ECE,2.3,56.0,82.0,87.0,72.0
S0049,Neha,Female,20,ECE,2.6,56.0,57.0,76.0,68.0
S0050,Tanya,Female,20,ECE,7.6,92.0,45.0,95.0,49.0
S0051,Diya,Male,23,Civil,6.7,76.0,80.0,75.0,86.0
S0052,Pallavi,Female,18,CSE,5.4,70.0,70.0,45.0,52.0
S0053,Neha,Male,23,ME,6.0,78.0,90.0,56.0,73.0
S0054,Sayan,Female,24,ECE,3.6,84.0,80.0,71.0,73.0
S0055,Puja,Female,19,ECE,5.4,64.0,71.0,42.0,60.0
S0056,Abhishek,Female,24,CSE,5.5,60.0,59.0,65.0,72.0
S0057,Pallavi,Female,19,CSE,8.0,56.0,74.0,55.0,92.0
S0058,Vikram,Female,22,CSE,7.7,79.0,74.0,75.0,89.0
S0059,Sourav,Male,22,CSE,1.6,79.0,61.0,77.0,54.0
S0060,Moumita,Male,23,Civil,5.6,67.0,50.0,60.0,56.0
S0061,Diya,Female,20,ECE,7.8,67.0,87.0,82.0,38.0
S0062,Nisha,Female,21,IT,6.7,85.0,50.0,88.0,71.0
S0063,Aarav,Male,20,Civil,2.0,56.0,96.0,49.0,70.0
S0064,Neha,Male,24,IT,1.4,74.0,53.0,76.0,47.0
S0065,Nisha,Male,19,CSE,7.9,86.0,46.0,97.0,91.0
S0066,Pallavi,Male,21,IT,5.3,96.0,47.0,64.0,68.0
S0067,Puja,Male,22,Civil,2.7,77.0,83.0,94.0,67.0
S0068,Amit,Female,18,CSE,6.5,60.0,91.0,73.0,87.0
S0069,Moumita,Female,24,ECE,2.2,82.0,72.0,77.0,59.0
S0070,Aditya,Female,21,IT,2.2,84.0,54.0,97.0,82.0
S0071,Ishita,Female,21,Civil,3.7,64.0,68.0,89.0,74.0
S0072,Neha,Male,21,IT,3.3,62.0,60.0,59.0,91.0
S0073,Kunal,Female,19,Civil,5.4,69.0,61.0,51.0,73.0
S0074,Priya,Female,20,Civil,4.2,80.0,65.0,43.0,73.0
S0075,Vikram,Female,23,ME,3.4,98.0,89.0,73.0,96.0
S0076,Neha,Male,21,IT,5.5,58.0,65.0,88.0,49.0
S0077,Aarav,Female,22,IT,1.9,92.0,81.0,81.0,64.0
S0078,Puja,Female,20,CSE,1.3,69.0,80.0,49.0,80.0
S0079,Sayan,Female,18,ECE,6.5,87.0,57.0,81.0,78.0
S0080,Ishita,Male,22,ECE,4.8,55.0,46.0,51.0,59.0
S0081,Riya,Female,19,Civil,5.7,100.0,59.0,47.0,74.0
S0082,Tanya,Male,18,CSE,2.9,81.0,42.0,53.0,73.0
S0083,Pallavi,Male,21,IT,3.4,75.0,78.0,72.0,54.0
S0084,Puja,Female,24,IT,1.3,86.0,48.0,43.0,68.0
S0085,Ishita,Female,24,ME,2.4,72.0,72.0,95.0,84.0
S0086,Deb,Female,19,Civil,1.4,81.0,95.0,46.0,84.0
S0087,Pallavi,Female,21,Civil,1.6,87.0,73.0,80.0,58.0
S0088,Puja,Female,23,IT,3.5,59.0,75.0,97.0,89.0
S0089,Sneha,Female,24,Civil,4.6,79.0,80.0,48.0,76.0
S0090,Arjun,Male,21,ECE,2.5,87.0,94.0,75.0,46.0
S0091,Abhishek,Male,24,IT,6.4,100.0,71.0,50.0,73.0
S0092,Neha,Female,20,ME,4.7,89.0,52.0,51.0,76.0
S0093,Diya,Male,23,ECE,1.9,97.0,76.0,45.0,89.0
S0094,Neha,Male,20,IT,7.6,66.0,48.0,59.0,72.0
S0095,Vikram,Female,19,ME,2.2,99.0,43.0,90.0,49.0
S0096,Neha,Male,21,Civil,4.4,89.0,41.0,61.0,52.0
S0097,Abhishek,Female,22,CSE,4.3,81.0,49.0,62.0,47.0
S0098,Vikram,Male,21,CSE,1.4,77.0,77.0,96.0,83.0
S0099,Vikram,Female,20,CSE,2.1,67.0,95.0,94.0,43.0
S0100,Tanya,Female,19,ECE,2.7,97.0,71.0,55.0,61.0
S0101,Sneha,Female,23,ME,4.2,78.0,85.0,55.0,57.0
S0102,Sourav,Female,22,Civil,4.4,68.0,87.0,54.0,45.0
S0103,Rohan,Female,23,Civil,5.8,62.0,51.0,55.0,79.0
S0104,Tanya,Male,21,CSE,4.8,64.0,81.0,82.0,88.0
S0105,Sayan,Female,23,IT,3.8,85.0,73.0,71.0,94.0
S0106,Sayan,Female,21,ECE,1.8,64.0,75.0,56.0,60.0
S0107,Kunal,Female,22,Civil,1.3,99.0,82.0,77.0,58.0
S0108,Sayan,Male,21,ME,3.4,88.0,92.0,75.0,44.0
S0109,Sayan,Female,18,CSE,5.1,59.0,73.0,70.0,74.0
S0110,Priya,Female,24,Civil,7.7,94.0,70.0,76.0,39.0
S0111,Rahul,Female,19,CSE,1.7,60.0,50.0,76.0,93.0
S0112,Sayan,Male,18,CSE,6.3,88.0,47.0,88.0,92.0
S0113,Aditya,Male,20,ME,2.7,100.0,97.0,71.0,82.0
S0114,Riya,Female,19,Civil,7.0,75.0,66.0,44.0,69.0
S0115,Riya,Male,21,ECE,6.4,92.0,70.0,79.0,62.0
S0116,Puja,Male,21,ECE,3.7,57.0,73.0,71.0,88.0
S0117,Rahul,Female,19,Civil,3.2,82.0,95.0,89.0,75.0
S0118,Aarav,Female,22,Civil,2.2,88.0,47.0,78.0,61.0
S0119,Arjun,Male,22,ECE,4.2,62.0,91.0,48.0,89.0
S0120,Tanya,Female,18,ECE,2.4,71.0,88.0,93.0,48.0
S0121,Abhishek,Female,20,CSE,2.8,57.0,53.0,87.0,91.0
S0122,Sourav,Male,21,Civil,5.7,77.0,96.0,86.0,67.0
S0123,Abhishek,Male,24,ECE,5.6,85.0,43.0,60.0,43.0
S0124,Sneha,Male,20,ECE,1.1,94.0,81.0,44.0,68.0
S0125,Sayan,Male,23,Civil,2.2,95.0,73.0,79.0,72.0
S0126,Riya,Female,24,CSE,4.8,69.0,74.0,67.0,67.0
S0127,Rohan,Male,18,CSE,3.9,90.0,45.0,70.0,81.0
S0128,Nisha,Male,19,ECE,2.2,67.0,72.0,90.0,59.0
S0129,Deb,Female,23,ECE,4.3,56.0,62.0,46.0,85.0
S0130,Rahul,Male,24,ME,7.1,64.0,83.0,93.0,58.0
S0131,Sneha,Female,22,CSE,2.0,79.0,45.0,86.0,69.0
S0132,Sourav,Female,23,Civil,3.4,77.0,45.0,89.0,81.0
S0133,Amit,Male,23,IT,2.7,79.0,96.0,57.0,57.0
S0134,Nisha,Male,20,Civil,1.1,56.0,61.0,89.0,49.0
S0135,Vikram,Female,22,CSE,2.7,85.0,88.0,52.0,76.0
S0136,Abhishek,Female,18,CSE,1.9,94.0,73.0,61.0,47.0
S0137,Tanya,Female,18,ME,5.3,64.0,64.0,82.0,78.0
S0138,Aarav,Female,22,CSE,1.7,75.0,68.0,93.0,42.0
S0139,Deb,Female,21,ME,6.1,74.0,56.0,70.0,85.0
S0140,Nisha,Female,21,IT,7.0,65.0,46.0,81.0,73.0
S0141,Aarav,Male,19,IT,6.0,80.0,54.0,97.0,82.0
S0142,Neha,Female,19,CSE,2.6,63.0,78.0,63.0,79.0
S0143,Diya,Female,19,Civil,4.8,89.0,74.0,66.0,82.0
S0144,Sayan,Female,24,ME,2.7,87.0,59.0,44.0,85.0
S0145,Nisha,Male,20,ECE,6.9,97.0,77.0,50.0,66.0
S0146,Deb,Female,23,CSE,5.3,57.0,91.0,80.0,70.0
S0147,Aditya,Female,24,ME,2.6,99.0,80.0,76.0,94.0
S0148,Abhishek,Female,24,Civil,4.5,77.0,88.0,66.0,71.0
S0149,Riya,Male,21,Civil,4.0,94.0,97.0,65.0,92.0
S0150,Riya,Female,20,CSE,1.7,68.0,51.0,73.0,77.0
S0151,Deb,Female,24,ECE,4.0,67.0,63.0,43.0,72.0
S0152,Rohan,Male,18,ECE,3.8,84.0,78.0,64.0,78.0
S0153,Abhishek,Male,21,ECE,3.2,55.0,46.0,46.0,86.0
S0154,Aditya,Male,21,ME,4.4,61.0,92.0,94.0,50.0
S0155,Diya,Female,20,Civil,2.3,60.0,62.0,57.0,47.0
S0156,Kunal,Female,24,CSE,7.4,90.0,90.0,69.0,86.0
S0157,Rahul,Male,18,ME,4.0,59.0,68.0,73.0,41.0
S0158,Kunal,Female,20,CSE,8.0,81.0,51.0,69.0,78.0
S0159,Rohan,Female,23,Civil,4.7,82.0,46.0,64.0,48.0
S0160,Aarav,Male,22,Civil,6.5,71.0,89.0,93.0,65.0
S0161,Priya,Male,20,CSE,3.9,95.0,45.0,78.0,87.0
S0162,Nisha,Female,20,ME,7.0,92.0,59.0,56.0,85.0
S0163,Nisha,Male,22,ME,2.8,90.0,79.0,58.0,71.0
S0164,Kunal,Female,21,IT,2.5,92.0,68.0,52.0,60.0
S0165,Abhishek,Female,20,IT,1.8,93.0,55.0,42.0,96.0
S0166,Arjun,Female,23,IT,6.1,95.0,47.0,84.0,59.0
S0167,Deb,Female,22,ME,5.3,98.0,46.0,65.0,93.0
S0168,Tanya,Female,22,IT,5.0,77.0,40.0,90.0,60.0
S0169,Deb,Female,24,IT,6.5,55.0,63.0,68.0,67.0
S0170,Ananya,Male,24,IT,4.8,89.0,90.0,45.0,45.0
S0171,Aditya,Female,20,ME,3.1,100.0,56.0,42.0,51.0
S0172,Arjun,Male,18,ECE,2.2,100.0,63.0,97.0,77.0
S0173,Diya,Female,18,Civil,4.8,95.0,79.0,45.0,56.0
S0174,Rahul,Male,24,ME,2.6,99.0,44.0,48.0,88.0
S0175,Rohan,Female,18,ECE,4.1,90.0,87.0,43.0,86.0
S0176,Moumita,Female,20,Civil,5.7,83.0,52.0,45.0,64.0
S0177,Moumita,Male,20,Civil,2.2,80.0,85.0,45.0,42.0
S0178,Kunal,Female,24,ME,4.1,95.0,49.0,92.0,38.0
S0179,Moumita,Male,24,ECE,4.0,72.0,87.0,71.0,71.0
S0180,Nisha,Male,19,IT,2.1,99.0,58.0,43.0,94.0
S0181,Priya,Male,21,ME,1.5,80.0,44.0,96.0,38.0
S0182,Ishita,Male,20,Civil,2.5,76.0,56.0,47.0,57.0
S0183,Diya,Male,24,Civil,1.5,69.0,69.0,77.0,60.0
S0184,Rahul,Male,19,ECE,4.9,98.0,47.0,66.0,54.0
S0185,Amit,Female,20,ECE,2.3,66.0,63.0,72.0,42.0
S0186,Sourav,Male,22,IT,6.6,89.0,43.0,77.0,60.0
S0187,Riya,Female,21,CSE,7.4,64.0,57.0,71.0,63.0
S0188,Vikram,Male,19,IT,1.9,98.0,92.0,68.0,42.0
S0189,Puja,Female,20,IT,1.9,99.0,98.0,95.0,41.0
S0190,Rohan,Female,24,ME,1.6,67.0,81.0,54.0,72.0
S0191,Aarav,Male,20,ECE,1.2,75.0,46.0,58.0,69.0
S0192,Abhishek,Female,23,IT,4.8,94.0,54.0,44.0,60.0
S0193,Neha,Female,23,ME,5.8,58.0,80.0,83.0,59.0
S0194,Ishita,Male,22,IT,4.9,88.0,62.0,93.0,63.0
S0195,Diya,Male,23,CSE,4.0,98.0,43.0,83.0,76.0
S0196,Ananya,Female,19,ME,3.8,100.0,98.0,83.0,93.0
S0197,Ishita,Male,20,CSE,2.7,69.0,81.0,55.0,55.0
S0198,Arjun,Female,23,CSE,1.8,88.0,70.0,64.0,49.0
S0199,Deb,Male,24,ECE,5.9,74.0,51.0,61.0,86.0
S0200,Tanya,Female,21,ME,4.9,67.0,45.0,67.0,62.0
S0201,Ishita,Male,22,Civil,6.2,91.0,89.0,87.0,69.0
S0202,Sayan,Female,23,ECE,6.1,76.0,75.0,47.0,92.0
S0203,Arjun,Female,19,CSE,4.2,69.0,86.0,91.0,52.0
S0204,Moumita,Female,21,ME,1.3,72.0,94.0,88.0,94.0
S0205,Moumita,Male,23,CSE,2.9,84.0,61.0,86.0,89.0
S0206,Rohan,Female,22,Civil,4.0,75.0,66.0,47.0,45.0
S0207,Vikram,Female,18,CSE,4.7,63.0,55.0,62.0,89.0
S0208,Amit,Female,19,IT,5.3,72.0,40.0,85.0,56.0
S0209,Sneha,Female,24,ME,2.9,88.0,88.0,87.0,85.0
S0210,Rohan,Male,20,IT,3.8,66.0,65.0,47.0,77.0
S0211,Ishita,Female,24,Civil,5.8,90.0,40.0,46.0,41.0
S0212,Aarav,Male,23,IT,5.4,56.0,41.0,73.0,41.0
S0213,Aarav,Male,21,CSE,2.4,93.0,49.0,73.0,50.0
S0214,Riya,Male,20,ME,1.2,57.0,59.0,75.0,70.0
S0215,Puja,Female,23,Civil,5.9,61.0,97.0,68.0,83.0
S0216,Deb,Male,18,IT,3.8,77.0,45.0,47.0,38.0
S0217,Sneha,Male,19,Civil,2.7,57.0,43.0,96.0,57.0
S0218,Aarav,Male,18,CSE,3.2,79.0,52.0,90.0,66.0
S0219,Rohan,Female,21,CSE,3.4,77.0,51.0,94.0,75.0
S0220,Riya,Male,18,ECE,3.9,57.0,72.0,87.0,43.0
S0221,Rahul,Female,21,CSE,7.1,86.0,78.0,88.0,49.0
S0222,Amit,Male,19,Civil,6.9,59.0,87.0,54.0,50.0
S0223,Puja,Male,24,ECE,7.9,98.0,95.0,48.0,70.0
S0224,Tanya,Male,20,Civil,7.1,63.0,92.0,79.0,93.0
S0225,Nisha,Male,20,ME,7.5,97.0,65.0,72.0,90.0
S0226,Aditya,Female,20,Civil,7.3,58.0,67.0,67.0,52.0
S0227,Aditya,Male,21,ME,3.9,88.0,49.0,94.0,58.0
S0228,Amit,Female,19,IT,4.8,60.0,48.0,59.0,45.0
S0229,Kunal,Male,21,IT,2.6,81.0,65.0,93.0,47.0
S0230,Abhishek,Male,22,CSE,8.0,94.0,90.0,53.0,38.0
S0231,Abhishek,Male,23,IT,2.1,64.0,41.0,89.0,56.0
S0232,Rahul,Female,19,Civil,2.6,84.0,84.0,43.0,88.0
S0233,Neha,Female,18,ME,1.4,96.0,47.0,76.0,71.0
S0234,Amit,Female,18,IT,1.9,62.0,69.0,76.0,41.0
S0235,Priya,Male,19,ECE,3.4,66.0,64.0,79.0,61.0
S0236,Pallavi,Female,23,ECE,7.9,85.0,73.0,94.0,89.0
S0237,Rahul,Female,21,CSE,5.5,63.0,46.0,86.0,92.0
S0238,Amit,Female,23,CSE,2.2,67.0,73.0,64.0,63.0
S0239,Ananya,Female,18,CSE,2.2,68.0,74.0,67.0,86.0
S0240,Vikram,Female,22,IT,2.4,69.0,48.0,73.0,56.0
S0241,Deb,Female,24,IT,1.2,67.0,95.0,89.0,61.0
S0242,Priya,Male,23,CSE,4.1,86.0,44.0,88.0,83.0
S0243,Puja,Male,23,CSE,2.2,72.0,54.0,57.0,78.0
S0244,Ishita,Male,21,IT,4.9,57.0,78.0,97.0,73.0
S0245,Sourav,Female,22,CSE,6.4,75.0,56.0,55.0,44.0
S0246,Deb,Male,18,ECE,7.4,56.0,49.0,53.0,60.0
S0247,Aarav,Male,18,IT,6.9,55.0,63.0,87.0,45.0
S0248,Rohan,Female,22,ECE,5.2,71.0,92.0,49.0,89.0
S0249,Abhishek,Male,20,CSE,5.0,88.0,48.0,93.0,51.0
S0250,Abhishek,Female,23,CSE,6.8,78.0,91.0,50.0,84.0
S0251,Priya,Male,19,ECE,7.6,99.0,91.0,93.0,71.0
S0252,Neha,Female,19,ME,6.6,89.0,69.0,73.0,63.0
S0253,Ananya,Female,23,CSE,3.5,65.0,58.0,95.0,62.0
S0254,Abhishek,Female,20,ECE,2.8,83.0,67.0,59.0,91.0
S0255,Rohan,Male,22,ME,3.2,95.0,68.0,67.0,63.0
S0256,Ananya,Female,24,ME,1.6,94.0,54.0,67.0,84.0
S0257,Ananya,Female,20,CSE,3.0,80.0,63.0,71.0,38.0
S0258,Amit,Female,18,IT,4.0,99.0,54.0,56.0,51.0
S0259,Abhishek,Female,24,Civil,2.2,89.0,94.0,72.0,67.0
S0260,Priya,Male,22,Civil,3.8,71.0,58.0,67.0,91.0
S0261,Nisha,Female,24,CSE,7.1,84.0,51.0,43.0,58.0
S0262,Tanya,Male,24,ECE,6.8,79.0,83.0,42.0,68.0
S0263,Aditya,Female,22,Civil,7.6,77.0,45.0,68.0,84.0
S0264,Moumita,Male,21,Civil,4.7,57.0,82.0,57.0,74.0
S0265,Tanya,Male,24,ECE,1.2,95.0,74.0,70.0,64.0
S0266,Amit,Female,19,Civil,4.5,62.0,40.0,43.0,87.0
S0267,Amit,Female,21,CSE,1.2,87.0,91.0,50.0,48.0
S0268,Aarav,Female,18,CSE,5.4,82.0,79.0,51.0,77.0
S0269,Abhishek,Female,20,ECE,7.9,88.0,49.0,45.0,82.0
S0270,Deb,Male,20,IT,2.5,84.0,89.0,70.0,55.0
S0271,Tanya,Female,20,ECE,2.2,68.0,47.0,69.0,82.0
S0272,Puja,Female,21,Civil,2.1,73.0,45.0,86.0,61.0
S0273,Arjun,Female,20,ME,5.5,93.0,82.0,67.0,66.0
S0274,Rahul,Female,24,ECE,1.4,92.0,76.0,44.0,89.0
S0275,Arjun,Male,19,CSE,1.9,82.0,85.0,67.0,70.0
S0276,Tanya,Male,19,ME,6.8,77.0,73.0,54.0,87.0
S0277,Priya,Male,22,IT,6.2,86.0,45.0,65.0,80.0
S0278,Aarav,Male,23,Civil,3.6,94.0,51.0,45.0,69.0
S0279,Moumita,Male,20,ME,7.7,86.0,76.0,74.0,50.0
S0280,Puja,Male,21,ME,2.5,75.0,49.0,69.0,93.0
S0281,Ananya,Female,23,IT,3.2,59.0,44.0,60.0,61.0
S0282,Nisha,Female,21,CSE,6.8,91.0,67.0,65.0,91.0
S0283,Sourav,Female,20,CSE,1.2,95.0,57.0,87.0,71.0
S0284,Aditya,Male,20,Civil,1.8,55.0,47.0,55.0,89.0
S0285,Riya,Male,24,IT,4.0,71.0,88.0,85.0,39.0
S0286,Diya,Male,21,Civil,6.1,59.0,78.0,63.0,91.0
S0287,Sourav,Female,18,CSE,1.5,62.0,76.0,87.0,96.0
S0288,Aditya,Female,20,IT,3.7,78.0,46.0,64.0,69.0
S0289,Ishita,Male,22,ECE,6.3,58.0,82.0,52.0,60.0
S0290,Moumita,Male,24,Civil,6.6,65.0,81.0,95.0,42.0
S0291,Diya,Male,20,Civil,5.2,70.0,96.0,46.0,88.0
S0292,Moumita,Male,19,ME,5.4,68.0,81.0,66.0,79.0
S0293,Amit,Female,22,IT,7.0,61.0,66.0,75.0,58.0
S0294,Moumita,Male,20,ME,3.1,87.0,40.0,63.0,75.0
S0295,Sayan,Male,23,ME,3.6,88.0,94.0,64.0,96.0
S0296,Tanya,Male,24,IT,2.3,72.0,60.0,91.0,65.0
S0297,Rohan,Female,23,ECE,2.8,96.0,62.0,67.0,43.0
S0298,Arjun,Female,21,IT,1.2,92.0,84.0,60.0,48.0
S0299,Tanya,Female,23,Civil,4.8,62.0,81.0,61.0,80.0
S0300,Arjun,Male,18,ME,5.3,60.0,57.0,56.0,82.0
S0301,Aarav,Female,20,ME,4.2,79.0,52.0,85.0,94.0
S0302,Diya,Female,23,Civil,1.5,55.0,59.0,89.0,88.0
S0303,Vikram,Female,18,Civil,4.0,59.0,98.0,94.0,52.0
S0304,Sourav,Female,18,ME,5.3,75.0,67.0,56.0,44.0
S0305,Sayan,Male,24,Civil,5.8,78.0,57.0,88.0,63.0
S0306,Priya,Male,23,ME,7.5,77.0,64.0,70.0,72.0
S0307,Priya,Female,19,IT,5.9,80.0,58.0,46.0,48.0
S0308,Rahul,Male,19,Civil,6.8,90.0,61.0,50.0,80.0
S0309,Aditya,Male,24,ECE,5.7,95.0,69.0,90.0,77.0
S0310,Neha,Female,22,CSE,6.8,79.0,73.0,74.0,69.0
S0311,Abhishek,Female,22,Civil,5.1,80.0,89.0,84.0,45.0
S0312,Puja,Female,22,IT,3.2,76.0,66.0,69.0,38.0
S0313,Pallavi,Female,20,IT,5.5,67.0,98.0,96.0,84.0
S0314,Neha,Female,21,CSE,4.8,86.0,72.0,63.0,50.0
S0315,Rohan,Female,19,IT,6.4,88.0,69.0,46.0,69.0
S0316,Kunal,Female,22,ECE,3.9,72.0,42.0,94.0,50.0
S0317,Rahul,Male,18,Civil,1.6,65.0,93.0,50.0,77.0
S0318,Ananya,Male,24,IT,4.2,57.0,60.0,75.0,40.0
S0319,Puja,Female,21,Civil,7.8,76.0,84.0,61.0,60.0
S0320,Puja,Male,18,CSE,7.8,79.0,77.0,78.0,49.0
S0321,Nisha,Male,23,Civil,2.3,83.0,45.0,72.0,93.0
S0322,Sayan,Female,24,CSE,7.9,72.0,53.0,62.0,93.0
S0323,Priya,Male,20,Civil,2.5,95.0,72.0,70.0,50.0
S0324,Deb,Female,21,IT,4.4,74.0,69.0,54.0,46.0
S0325,Riya,Male,19,IT,3.6,90.0,96.0,73.0,68.0
S0326,Priya,Male,19,ME,2.9,55.0,58.0,56.0,90.0
S0327,Ananya,Female,20,ECE,4.6,74.0,96.0,94.0,51.0
S0328,Priya,Female,24,ECE,2.4,91.0,45.0,92.0,70.0
S0329,Arjun,Male,23,IT,5.9,76.0,91.0,72.0,56.0
S0330,Moumita,Male,24,IT,7.6,79.0,65.0,52.0,92.0
S0331,Sourav,Female,18,ECE,3.5,64.0,41.0,93.0,84.0
S0332,Vikram,Female,23,ECE,3.8,59.0,45.0,94.0,81.0
S0333,Neha,Female,19,ME,7.3,94.0,61.0,76.0,53.0
S0334,Ishita,Male,19,ME,6.7,58.0,85.0,65.0,47.0
S0335,Diya,Female,20,Civil,3.1,56.0,60.0,64.0,43.0
S0336,Sourav,Male,18,CSE,7.8,95.0,42.0,70.0,42.0
S0337,Moumita,Female,20,IT,7.7,83.0,89.0,53.0,82.0
S0338,Sneha,Male,24,IT,4.7,88.0,54.0,45.0,86.0
S0339,Sneha,Male,21,IT,2.8,57.0,73.0,79.0,71.0
S0340,Sneha,Male,19,Civil,6.6,68.0,40.0,92.0,59.0
S0341,Amit,Male,23,ME,1.8,94.0,48.0,51.0,89.0
S0342,Kunal,Female,20,ECE,7.1,74.0,75.0,95.0,53.0
S0343,Sayan,Female,21,IT,3.2,77.0,45.0,80.0,95.0
S0344,Amit,Female,24,IT,5.3,67.0,87.0,80.0,92.0
S0345,Sneha,Male,21,CSE,6.3,67.0,85.0,68.0,43.0
S0346,Sourav,Male,23,Civil,4.1,55.0,81.0,57.0,66.0
S0347,Ishita,Male,24,ME,4.6,75.0,71.0,75.0,86.0
S0348,Tanya,Male,20,CSE,7.8,96.0,75.0,55.0,87.0
S0349,Pallavi,Female,21,CSE,2.0,70.0,77.0,93.0,73.0
S0350,Vikram,Male,24,IT,4.3,99.0,55.0,71.0,40.0
S0351,Pallavi,Female,19,CSE,4.5,91.0,43.0,76.0,62.0
S0352,Sneha,Female,21,ECE,1.9,72.0,92.0,59.0,58.0
S0353,Sneha,Female,20,ECE,3.9,90.0,89.0,42.0,55.0
S0354,Arjun,Male,18,IT,5.9,61.0,71.0,52.0,63.0
S0355,Rohan,Female,23,ECE,2.2,61.0,60.0,51.0,95.0
S0356,Rohan,Female,23,IT,4.4,83.0,87.0,92.0,60.0
S0357,Neha,Male,21,CSE,3.5,98.0,98.0,87.0,43.0
S0358,Abhishek,Female,22,Civil,6.4,88.0,54.0,94.0,48.0
S0359,Amit,Male,21,ME,1.3,61.0,54.0,47.0,66.0
S0360,Aditya,Female,18,ME,1.3,80.0,78.0,66.0,94.0
S0361,Puja,Female,20,IT,7.5,93.0,68.0,74.0,53.0
S0362,Puja,Female,22,Civil,5.7,62.0,69.0,89.0,67.0
S0363,Vikram,Female,23,CSE,2.3,73.0,96.0,50.0,50.0
S0364,Deb,Female,23,Civil,3.9,99.0,64.0,44.0,49.0
S0365,Tanya,Male,21,IT,2.9,84.0,57.0,48.0,59.0
S0366,Moumita,Female,21,ECE,2.5,67.0,69.0,60.0,86.0
S0367,Neha,Male,21,ME,5.8,67.0,40.0,94.0,88.0
S0368,Moumita,Female,21,CSE,4.9,60.0,47.0,95.0,70.0
S0369,Riya,Male,18,ME,4.7,58.0,60.0,61.0,38.0
S0370,Neha,Female,22,CSE,3.6,66.0,46.0,68.0,80.0
S0371,Abhishek,Female,18,ME,4.5,73.0,56.0,86.0,80.0
S0372,Arjun,Male,21,ECE,3.9,85.0,62.0,47.0,89.0
S0373,Sneha,Female,23,ECE,3.6,95.0,60.0,88.0,81.0
S0374,Tanya,Female,18,ME,3.2,86.0,48.0,88.0,64.0
S0375,Ananya,Male,18,IT,1.4,66.0,64.0,66.0,49.0
S0376,Kunal,Female,19,ME,4.1,82.0,65.0,69.0,77.0
S0377,Puja,Male,21,Civil,5.6,67.0,44.0,69.0,55.0
S0378,Diya,Male,22,Civil,5.7,56.0,79.0,95.0,76.0
S0379,Arjun,Female,22,ME,3.0,79.0,96.0,52.0,46.0
S0380,Moumita,Female,23,Civil,1.1,71.0,68.0,49.0,87.0
S0381,Diya,Female,23,Civil,1.2,90.0,50.0,68.0,88.0
S0382,Nisha,Female,20,CSE,3.1,93.0,89.0,73.0,94.0
S0383,Sayan,Female,18,ECE,3.4,61.0,76.0,69.0,40.0
S0384,Puja,Female,19,Civil,7.4,75.0,53.0,64.0,45.0
S0385,Vikram,Male,20,ME,1.3,83.0,66.0,94.0,43.0
S0386,Pallavi,Male,21,IT,1.3,93.0,82.0,78.0,69.0
S0387,Vikram,Male,21,ECE,7.7,63.0,64.0,86.0,49.0
S0388,Moumita,Male,18,ME,6.5,56.0,68.0,77.0,94.0
S0389,Abhishek,Female,20,IT,6.2,91.0,83.0,95.0,46.0
S0390,Diya,Female,23,IT,1.9,65.0,81.0,63.0,39.0
S0391,Sourav,Female,19,IT,1.6,91.0,68.0,69.0,90.0
S0392,Ananya,Female,19,IT,2.5,60.0,91.0,70.0,47.0
S0393,Rohan,Female,22,ECE,5.2,76.0,64.0,74.0,94.0
S0394,Priya,Female,19,CSE,7.4,71.0,72.0,49.0,41.0
S0395,Riya,Female,24,ECE,3.0,87.0,68.0,65.0,50.0
S0396,Ananya,Male,20,CSE,2.3,99.0,79.0,73.0,90.0
S0397,Sourav,Female,20,ME,3.2,89.0,70.0,76.0,43.0
S0398,Ananya,Male,18,Civil,1.7,63.0,52.0,50.0,40.0
S0399,Nisha,Male,18,ME,3.6,72.0,71.0,97.0,96.0
S0400,Puja,Male,19,ECE,4.5,82.0,50.0,95.0,72.0
S0401,Vikram,Female,24,ECE,1.3,72.0,62.0,96.0,90.0
S0402,Riya,Male,18,ME,1.8,90.0,46.0,58.0,87.0
S0403,Moumita,Male,19,ME,3.8,56.0,42.0,47.0,95.0
S0404,Sneha,Male,19,CSE,5.9,79.0,97.0,69.0,45.0
S0405,Rahul,Male,23,IT,7.9,91.0,80.0,91.0,91.0
S0406,Riya,Male,22,ECE,3.3,56.0,71.0,85.0,85.0
S0407,Ananya,Male,20,ME,3.5,81.0,44.0,50.0,95.0
S0408,Tanya,Female,23,ECE,2.8,60.0,52.0,84.0,79.0
S0409,Diya,Male,18,IT,6.0,100.0,64.0,84.0,95.0
S0410,Sneha,Male,19,ECE,6.5,76.0,89.0,83.0,70.0
S0411,Diya,Male,23,ECE,4.3,79.0,90.0,89.0,90.0
S0412,Arjun,Male,24,Civil,2.0,76.0,46.0,44.0,41.0
S0413,Sneha,Female,23,Civil,2.3,73.0,59.0,52.0,45.0
S0414,Sayan,Male,18,ECE,3.2,85.0,86.0,72.0,47.0
S0415,Priya,Male,24,Civil,7.7,70.0,97.0,87.0,88.0
S0416,Aditya,Female,23,Civil,6.3,92.0,98.0,97.0,63.0
S0417,Priya,Female,19,CSE,5.2,76.0,63.0,51.0,45.0
S0418,Sourav,Male,24,CSE,6.5,81.0,72.0,73.0,82.0
S0419,Rahul,Female,20,CSE,1.7,75.0,97.0,68.0,67.0
S0420,Sneha,Male,24,ME,7.0,62.0,44.0,96.0,49.0
S0421,Neha,Male,24,CSE,7.2,80.0,75.0,58.0,56.0
S0422,Ishita,Female,22,IT,5.4,94.0,61.0,73.0,41.0
S0423,Abhishek,Male,20,CSE,5.3,69.0,87.0,79.0,93.0
S0424,Moumita,Male,23,Civil,3.2,94.0,44.0,96.0,78.0
S0425,Priya,Male,21,CSE,1.5,71.0,70.0,76.0,54.0
S0426,Amit,Male,18,IT,6.9,73.0,86.0,87.0,75.0
S0427,Rohan,Male,20,ECE,3.4,57.0,44.0,78.0,44.0
S0428,Amit,Female,20,ECE,1.4,70.0,81.0,60.0,63.0
S0429,Abhishek,Female,19,CSE,7.4,74.0,42.0,90.0,67.0
S0430,Deb,Female,18,IT,1.9,92.0,70.0,95.0,67.0
S0431,Aarav,Female,19,ECE,3.7,79.0,49.0,85.0,86.0
S0432,Vikram,Male,18,CSE,8.0,56.0,75.0,96.0,66.0
S0433,Aditya,Male,18,ME,7.6,99.0,90.0,42.0,83.0
S0434,Sourav,Male,20,ECE,4.5,61.0,40.0,48.0,66.0
S0435,Rahul,Female,18,ME,2.2,74.0,87.0,62.0,91.0
S0436,Amit,Female,22,CSE,2.9,64.0,76.0,87.0,53.0
S0437,Sourav,Male,24,ECE,1.6,91.0,41.0,42.0,82.0
S0438,Sourav,Male,21,IT,6.1,57.0,80.0,77.0,45.0
S0439,Abhishek,Female,22,IT,5.4,80.0,42.0,66.0,92.0
S0440,Deb,Male,19,ECE,6.8,93.0,86.0,92.0,62.0
S0441,Sourav,Female,23,ME,5.7,99.0,71.0,78.0,75.0
S0442,Ishita,Male,21,Civil,2.9,73.0,55.0,50.0,45.0
S0443,Pallavi,Male,21,ME,7.8,63.0,84.0,95.0,58.0
S0444,Puja,Female,24,IT,7.9,57.0,78.0,45.0,40.0
S0445,Diya,Male,18,ECE,3.0,72.0,76.0,56.0,59.0
S0446,Rahul,Female,20,CSE,4.4,83.0,52.0,79.0,55.0
S0447,Sayan,Male,20,CSE,3.1,68.0,72.0,48.0,59.0
S0448,Amit,Female,20,CSE,1.2,72.0,86.0,44.0,68.0
S0449,Aditya,Male,19,ECE,7.2,90.0,81.0,43.0,71.0
S0450,Pallavi,Female,24,ME,5.4,94.0,94.0,45.0,53.0
S0451,Deb,Male,20,IT,3.0,64.0,82.0,68.0,70.0
S0452,Aditya,Female,19,CSE,2.5,78.0,46.0,69.0,88.0
S0453,Sourav,Male,21,ME,3.6,76.0,40.0,63.0,83.0
S0454,Rahul,Female,20,CSE,6.2,58.0,54.0,57.0,79.0
S0455,Sourav,Female,22,Civil,5.6,77.0,52.0,75.0,63.0
S0456,Moumita,Male,19,ME,7.6,88.0,61.0,94.0,72.0
S0457,Pallavi,Male,20,ECE,6.7,76.0,90.0,95.0,61.0
S0458,Deb,Male,24,ECE,6.4,71.0,77.0,68.0,93.0
S0459,Vikram,Male,19,ECE,4.4,64.0,86.0,86.0,76.0
S0460,Deb,Male,19,CSE,4.4,75.0,80.0,73.0,42.0
S0461,Ananya,Female,19,IT,5.4,89.0,72.0,59.0,69.0
S0462,Abhishek,Female,20,ECE,6.6,98.0,87.0,50.0,87.0
S0463,Abhishek,Female,19,Civil,3.3,87.0,79.0,54.0,83.0
S0464,Sneha,Male,21,Civil,6.3,61.0,43.0,81.0,59.0
S0465,Priya,Male,21,Civil,7.8,55.0,85.0,50.0,67.0
S0466,Puja,Female,24,ECE,1.6,81.0,50.0,47.0,55.0
S0467,Sayan,Female,18,ECE,3.0,68.0,84.0,93.0,82.0
S0468,Neha,Female,23,Civil,3.7,71.0,89.0,83.0,64.0
S0469,Rahul,Male,20,IT,7.2,90.0,77.0,62.0,92.0
S0470,Abhishek,Female,20,ECE,1.9,95.0,86.0,77.0,62.0
S0471,Priya,Female,23,ECE,3.3,91.0,64.0,88.0,62.0
S0472,Moumita,Female,24,CSE,7.5,59.0,53.0,65.0,53.0
S0473,Pallavi,Female,22,ECE,3.7,89.0,65.0,56.0,63.0
S0474,Pallavi,Female,23,Civil,7.0,58.0,67.0,61.0,45.0
S0475,Kunal,Male,23,IT,5.0,74.0,72.0,64.0,47.0
S0476,Deb,Male,23,Civil,4.9,60.0,48.0,43.0,65.0
S0477,Neha,Female,18,Civil,4.3,61.0,41.0,42.0,58.0
S0478,Vikram,Male,24,IT,5.0,57.0,69.0,62.0,87.0
S0479,Priya,Female,23,ECE,5.2,56.0,81.0,78.0,49.0
S0480,Moumita,Male,18,Civil,1.1,58.0,60.0,73.0,86.0
S0481,Moumita,Female,20,Civil,3.7,86.0,97.0,47.0,75.0
S0482,Deb,Female,21,ME,6.7,87.0,89.0,56.0,44.0
S0483,Abhishek,Female,20,ECE,6.1,99.0,46.0,59.0,58.0
S0484,Riya,Male,19,IT,3.1,60.0,80.0,53.0,43.0
S0485,Priya,Female,23,IT,1.1,75.0,68.0,63.0,72.0
S0486,Amit,Male,24,CSE,3.0,98.0,42.0,59.0,64.0
S0487,Diya,Female,22,CSE,1.5,62.0,48.0,62.0,44.0
S0488,Neha,Female,21,Civil,5.4,95.0,83.0,97.0,74.0
S0489,Neha,Female,22,ME,6.3,58.0,51.0,93.0,63.0
S0490,Puja,Male,22,ME,7.9,71.0,45.0,82.0,65.0
S0491,Abhishek,Female,22,ME,5.1,100.0,41.0,56.0,40.0
S0492,Kunal,Female,22,Civil,5.3,93.0,71.0,79.0,59.0
S0493,Rohan,Male,18,IT,3.0,75.0,78.0,77.0,89.0
S0494,Deb,Female,22,IT,7.5,99.0,65.0,47.0,74.0
S0495,Ishita,Female,19,IT,4.7,67.0,49.0,71.0,71.0
S0496,Aditya,Male,22,CSE,6.9,94.0,65.0,57.0,55.0
S0497,Kunal,Female,23,Civil,4.8,56.0,57.0,45.0,83.0
S0498,Sourav,Male,24,IT,7.3,87.0,66.0,89.0,43.0
S0499,Neha,Male,20,CSE,3.5,84.0,57.0,57.0,89.0
S0500,Abhishek,Male,19,ECE,6.8,86.0,43.0,68.0,77.0
S0501,Abhishek,Female,20,CSE,5.3,70.0,87.0,95.0,49.0
S0502,Puja,Male,22,ECE,4.3,71.0,90.0,56.0,92.0
S0503,Neha,Male,22,Civil,5.8,80.0,92.0,82.0,78.0
S0504,Abhishek,Female,21,CSE,2.6,79.0,56.0,50.0,84.0
S0505,Puja,Male,20,ME,7.0,75.0,57.0,43.0,72.0
S0506,Rohan,Female,18,ME,2.6,66.0,76.0,94.0,47.0
S0507,Riya,Male,18,ECE,7.3,86.0,93.0,44.0,86.0
S0508,Nisha,Male,24,IT,4.4,71.0,93.0,83.0,69.0
S0509,Priya,Female,23,ME,4.8,62.0,57.0,79.0,78.0
S0510,Vikram,Female,18,Civil,7.4,68.0,56.0,85.0,49.0
S0511,Arjun,Male,20,CSE,7.1,74.0,44.0,75.0,66.0
S0512,Neha,Male,20,Civil,2.2,73.0,66.0,55.0,43.0
S0513,Sneha,Male,24,ECE,4.2,85.0,77.0,53.0,65.0
S0514,Sneha,Female,18,CSE,1.6,85.0,84.0,84.0,90.0
S0515,Sayan,Female,21,IT,1.7,99.0,51.0,81.0,48.0
S0516,Ishita,Female,22,CSE,4.7,84.0,54.0,95.0,62.0
S0517,Sneha,Male,22,IT,6.9,76.0,91.0,62.0,54.0
S0518,Abhishek,Female,18,Civil,1.2,97.0,97.0,51.0,85.0
S0519,Sneha,Male,19,ECE,7.5,72.0,60.0,68.0,58.0
S0520,Aarav,Female,20,ECE,6.2,74.0,49.0,62.0,53.0
S0521,Priya,Male,18,CSE,7.8,99.0,59.0,83.0,44.0
S0522,Rahul,Female,19,ECE,5.8,73.0,57.0,62.0,88.0
S0523,Deb,Female,19,ECE,7.7,88.0,49.0,55.0,78.0
S0524,Pallavi,Male,22,ECE,4.4,74.0,90.0,74.0,61.0
S0525,Ananya,Male,19,ECE,4.5,63.0,50.0,97.0,70.0
S0526,Moumita,Male,21,ECE,1.1,82.0,88.0,83.0,58.0
S0527,Sneha,Male,22,CSE,6.3,76.0,76.0,42.0,86.0
S0528,Diya,Female,20,IT,4.1,57.0,89.0,76.0,57.0
S0529,Ishita,Female,19,ECE,4.8,70.0,78.0,79.0,88.0
S0530,Aarav,Female,18,ME,3.2,74.0,44.0,87.0,51.0
S0531,Sneha,Male,21,ME,3.6,70.0,64.0,58.0,63.0
S0532,Ananya,Female,22,Civil,5.0,81.0,96.0,92.0,43.0
S0533,Puja,Female,18,IT,7.3,94.0,58.0,66.0,41.0
S0534,Tanya,Female,20,ECE,3.9,60.0,85.0,73.0,50.0
S0535,Ishita,Male,18,ME,6.3,83.0,97.0,62.0,74.0
S0536,Priya,Male,24,IT,1.4,82.0,41.0,52.0,43.0
S0537,Riya,Male,18,CSE,1.8,71.0,62.0,58.0,77.0
S0538,Moumita,Female,23,Civil,6.3,98.0,71.0,48.0,72.0
S0539,Rohan,Female,20,ME,7.8,69.0,40.0,93.0,73.0
S0540,Deb,Female,19,ECE,5.2,87.0,58.0,58.0,54.0
S0541,Deb,Female,23,ECE,4.4,76.0,40.0,42.0,90.0
S0542,Deb,Male,24,CSE,7.9,68.0,76.0,89.0,91.0
S0543,Priya,Female,18,ECE,6.8,64.0,80.0,64.0,92.0
S0544,Ananya,Male,23,ME,7.9,70.0,81.0,51.0,96.0
S0545,Deb,Male,19,ME,4.9,84.0,80.0,67.0,85.0
S0546,Moumita,Male,21,ME,6.1,59.0,55.0,61.0,48.0
S0547,Aarav,Female,24,ME,7.5,91.0,56.0,49.0,80.0
S0548,Deb,Female,20,ME,1.9,77.0,57.0,72.0,63.0
S0549,Neha,Female,23,ME,4.1,69.0,57.0,58.0,70.0
S0550,Diya,Male,18,ECE,6.2,91.0,90.0,56.0,60.0
S0551,Neha,Male,23,Civil,5.5,81.0,54.0,93.0,61.0
S0552,Moumita,Female,21,IT,3.0,67.0,52.0,53.0,75.0
S0553,Moumita,Male,23,CSE,2.7,71.0,77.0,61.0,92.0
S0554,Priya,Female,19,IT,7.5,96.0,82.0,52.0,38.0
S0555,Puja,Male,18,CSE,5.6,68.0,64.0,52.0,69.0
S0556,Aarav,Male,24,CSE,5.9,74.0,64.0,90.0,88.0
S0557,Rohan,Female,21,Civil,3.2,75.0,62.0,92.0,91.0
S0558,Arjun,Female,24,ECE,3.4,92.0,51.0,69.0,57.0
S0559,Ananya,Female,19,CSE,5.6,75.0,90.0,61.0,68.0
S0560,Puja,Male,24,ECE,5.5,98.0,87.0,61.0,63.0
S0561,Rahul,Male,18,CSE,2.1,63.0,89.0,80.0,87.0
S0562,Abhishek,Female,24,Civil,7.7,88.0,76.0,97.0,60.0
S0563,Rohan,Male,22,Civil,1.9,70.0,49.0,62.0,88.0
S0564,Amit,Female,24,Civil,5.4,98.0,93.0,94.0,87.0
S0565,Aditya,Female,22,CSE,3.1,97.0,63.0,51.0,59.0
S0566,Abhishek,Male,19,IT,6.5,82.0,54.0,46.0,73.0
S0567,Vikram,Female,24,ME,6.5,96.0,83.0,82.0,72.0
S0568,Sayan,Male,20,Civil,1.5,88.0,92.0,75.0,82.0
S0569,Rohan,Male,22,CSE,7.8,80.0,54.0,85.0,69.0
S0570,Neha,Female,18,CSE,4.2,94.0,85.0,84.0,90.0
S0571,Moumita,Male,20,ME,6.7,93.0,54.0,54.0,61.0
S0572,Sayan,Female,20,ME,2.3,84.0,53.0,96.0,50.0
S0573,Kunal,Female,20,Civil,2.0,82.0,43.0,50.0,77.0
S0574,Riya,Male,20,Civil,2.4,76.0,47.0,96.0,58.0
S0575,Arjun,Female,22,ECE,4.6,72.0,83.0,66.0,57.0
S0576,Sneha,Female,19,Civil,7.3,89.0,97.0,97.0,81.0
S0577,Puja,Male,24,ECE,4.9,82.0,67.0,52.0,91.0
S0578,Sourav,Male,24,ECE,2.0,65.0,86.0,44.0,40.0
S0579,Neha,Male,22,Civil,4.4,60.0,60.0,61.0,68.0
S0580,Abhishek,Female,18,IT,2.2,55.0,93.0,90.0,50.0
S0581,Kunal,Female,22,IT,5.1,85.0,55.0,79.0,82.0
S0582,Rahul,Female,18,CSE,6.5,57.0,82.0,49.0,80.0
S0583,Kunal,Male,24,IT,7.2,73.0,83.0,97.0,90.0
S0584,Tanya,Male,20,CSE,3.2,98.0,66.0,46.0,71.0
S0585,Kunal,Male,20,ECE,2.8,81.0,85.0,76.0,64.0
S0586,Riya,Male,19,ME,3.1,89.0,56.0,63.0,51.0
S0587,Diya,Male,18,IT,5.0,60.0,52.0,60.0,42.0
S0588,Puja,Male,19,CSE,2.5,64.0,58.0,80.0,92.0
S0589,Riya,Male,21,Civil,3.7,56.0,52.0,45.0,73.0
S0590,Neha,Female,21,ME,6.7,69.0,52.0,71.0,61.0
S0591,Ishita,Female,22,Civil,4.3,64.0,74.0,62.0,79.0
S0592,Sourav,Male,20,CSE,2.4,72.0,72.0,55.0,90.0
S0593,Moumita,Male,23,ME,4.6,67.0,58.0,93.0,46.0
S0594,Moumita,Male,20,IT,4.0,66.0,68.0,74.0,81.0
S0595,Sneha,Female,20,IT,1.3,69.0,68.0,55.0,68.0
S0596,Sayan,Male,23,CSE,2.0,57.0,94.0,80.0,96.0
S0597,Moumita,Female,18,ME,3.0,60.0,52.0,79.0,69.0
S0598,Moumita,Male,20,CSE,7.8,75.0,96.0,42.0,45.0
S0599,Puja,Male,20,CSE,6.1,81.0,61.0,87.0,80.0
S0600,Amit,Male,24,CSE,2.8,91.0,59.0,52.0,59.0
S0601,Ishita,Male,23,ME,5.3,71.0,47.0,68.0,72.0
S0602,Arjun,Female,18,Civil,2.7,82.0,59.0,77.0,78.0
S0603,Pallavi,Male,22,IT,7.2,95.0,91.0,70.0,49.0
S0604,Sourav,Female,22,IT,6.9,86.0,83.0,45.0,87.0
S0605,Sneha,Female,20,IT,2.7,63.0,56.0,63.0,79.0
S0606,Priya,Female,20,ME,7.6,58.0,57.0,88.0,76.0
S0607,Deb,Female,24,ECE,6.3,86.0,68.0,97.0,83.0
S0608,Ishita,Male,20,CSE,5.0,98.0,70.0,86.0,55.0
S0609,Puja,Male,21,ME,4.7,98.0,91.0,94.0,74.0
S0610,Riya,Male,19,ME,5.2,77.0,47.0,84.0,82.0
S0611,Diya,Male,20,CSE,4.7,85.0,90.0,93.0,48.0
S0612,Riya,Female,19,ECE,6.9,78.0,62.0,56.0,57.0
S0613,Arjun,Male,19,IT,6.0,94.0,98.0,44.0,49.0
S0614,Rahul,Male,22,ME,4.5,83.0,77.0,70.0,62.0
S0615,Aditya,Female,24,IT,6.0,73.0,69.0,86.0,48.0
S0616,Sneha,Female,21,ME,1.9,88.0,68.0,75.0,79.0
S0617,Puja,Male,18,ECE,6.9,58.0,49.0,96.0,75.0
S0618,Amit,Male,24,ECE,8.0,75.0,46.0,70.0,68.0
S0619,Deb,Female,20,IT,5.9,79.0,61.0,94.0,78.0
S0620,Aarav,Male,18,Civil,3.4,92.0,70.0,66.0,76.0
S0621,Pallavi,Male,23,CSE,5.0,95.0,44.0,86.0,49.0
S0622,Kunal,Male,18,IT,2.7,62.0,53.0,44.0,61.0
S0623,Kunal,Male,21,Civil,3.9,96.0,86.0,87.0,63.0
S0624,Priya,Male,18,ME,4.0,67.0,55.0,95.0,56.0
S0625,Aditya,Female,18,ECE,5.8,65.0,42.0,54.0,39.0
S0626,Rahul,Male,19,IT,6.4,58.0,73.0,96.0,96.0
S0627,Kunal,Female,18,ME,2.8,83.0,75.0,87.0,68.0
S0628,Sneha,Male,24,Civil,6.6,83.0,49.0,55.0,75.0
S0629,Puja,Male,19,CSE,2.0,93.0,65.0,43.0,42.0
S0630,Arjun,Female,18,IT,7.3,77.0,71.0,67.0,61.0
S0631,Tanya,Female,20,ME,1.4,79.0,70.0,70.0,70.0
S0632,Aarav,Female,21,ME,6.1,71.0,47.0,76.0,40.0
S0633,Ananya,Male,20,Civil,6.7,84.0,98.0,69.0,86.0
S0634,Neha,Male,23,IT,3.9,93.0,47.0,64.0,44.0
S0635,Puja,Female,18,ME,7.9,83.0,51.0,49.0,62.0
S0636,Rahul,Female,19,ME,7.5,80.0,69.0,58.0,59.0
S0637,Arjun,Female,18,Civil,4.0,66.0,75.0,50.0,40.0
S0638,Moumita,Female,19,Civil,1.4,86.0,66.0,86.0,38.0
S0639,Arjun,Female,19,IT,5.5,79.0,52.0,71.0,91.0
S0640,Tanya,Female,19,ME,5.9,88.0,80.0,90.0,94.0
S0641,Aditya,Male,18,IT,7.7,85.0,70.0,51.0,40.0
S0642,Amit,Male,19,ME,6.1,61.0,95.0,42.0,50.0
S0643,Neha,Female,18,ME,5.7,74.0,52.0,64.0,60.0
S0644,Deb,Male,22,ECE,1.1,55.0,44.0,82.0,90.0
S0645,Rohan,Male,20,CSE,7.0,82.0,87.0,64.0,53.0
S0646,Neha,Male,22,ECE,4.7,87.0,72.0,66.0,56.0
S0647,Rahul,Male,18,IT,2.0,80.0,55.0,93.0,82.0
S0648,Pallavi,Female,24,ECE,6.2,70.0,46.0,91.0,73.0
S0649,Ananya,Female,22,Civil,2.9,58.0,70.0,56.0,69.0
S0650,Sayan,Male,18,ME,1.7,81.0,66.0,71.0,81.0
S0651,Ishita,Male,24,IT,4.9,82.0,46.0,73.0,80.0
S0652,Deb,Female,23,CSE,1.6,75.0,70.0,73.0,91.0
S0653,Deb,Male,23,CSE,7.9,78.0,62.0,84.0,44.0
S0654,Rahul,Female,19,Civil,2.8,76.0,88.0,56.0,52.0
S0655,Diya,Female,22,IT,1.9,91.0,92.0,42.0,95.0
S0656,Puja,Female,21,ME,7.4,90.0,72.0,58.0,47.0
S0657,Ananya,Female,19,CSE,3.4,71.0,61.0,96.0,55.0
S0658,Kunal,Male,23,CSE,1.9,59.0,50.0,64.0,84.0
S0659,Kunal,Male,24,ME,1.1,99.0,52.0,95.0,88.0
S0660,Ishita,Female,24,ECE,1.6,55.0,73.0,44.0,83.0
S0661,Diya,Male,19,ECE,7.7,69.0,44.0,81.0,87.0
S0662,Deb,Female,18,ME,5.5,71.0,90.0,44.0,44.0
S0663,Diya,Female,22,IT,5.1,56.0,96.0,52.0,91.0
S0664,Vikram,Female,18,CSE,5.5,73.0,94.0,90.0,75.0
S0665,Sneha,Male,23,Civil,6.1,94.0,78.0,74.0,85.0
S0666,Kunal,Female,21,ME,2.6,58.0,67.0,43.0,86.0
S0667,Rohan,Female,20,Civil,7.3,97.0,90.0,86.0,46.0
S0668,Abhishek,Female,22,CSE,1.3,93.0,49.0,62.0,65.0
S0669,Aditya,Female,18,Civil,3.6,92.0,61.0,94.0,85.0
S0670,Moumita,Male,23,IT,2.5,96.0,69.0,58.0,42.0
S0671,Diya,Male,21,CSE,7.7,57.0,51.0,57.0,85.0
S0672,Nisha,Male,19,CSE,7.4,62.0,92.0,48.0,65.0
S0673,Deb,Female,23,IT,4.2,82.0,67.0,43.0,50.0
S0674,Nisha,Female,23,CSE,3.7,89.0,40.0,58.0,78.0
S0675,Sourav,Male,23,Civil,7.7,63.0,60.0,89.0,86.0
S0676,Abhishek,Male,21,IT,6.3,60.0,88.0,91.0,54.0
S0677,Puja,Male,23,Civil,3.1,77.0,94.0,83.0,62.0
S0678,Kunal,Female,21,Civil,3.6,68.0,91.0,92.0,81.0
S0679,Aditya,Male,23,ECE,3.4,59.0,94.0,67.0,80.0
S0680,Neha,Male,23,CSE,6.1,95.0,92.0,74.0,96.0
S0681,Amit,Female,23,Civil,4.5,62.0,46.0,63.0,71.0
S0682,Ishita,Female,18,IT,2.2,64.0,63.0,50.0,67.0
S0683,Sourav,Male,20,CSE,2.1,98.0,85.0,84.0,84.0
S0684,Sayan,Female,22,IT,3.1,62.0,59.0,86.0,75.0
S0685,Ishita,Male,20,IT,7.8,68.0,43.0,57.0,50.0
S0686,Aarav,Male,23,ECE,7.3,68.0,51.0,69.0,84.0
S0687,Neha,Female,23,Civil,4.1,78.0,69.0,80.0,69.0
S0688,Sourav,Male,21,Civil,5.9,62.0,48.0,55.0,84.0
S0689,Ishita,Male,18,ME,1.3,82.0,62.0,66.0,78.0
S0690,Sayan,Female,23,Civil,2.8,61.0,61.0,83.0,70.0
S0691,Deb,Male,20,Civil,5.3,68.0,71.0,96.0,59.0
S0692,Tanya,Female,22,ECE,6.0,63.0,94.0,59.0,82.0
S0693,Puja,Female,18,ME,1.8,57.0,97.0,47.0,45.0
S0694,Sneha,Male,22,ECE,6.7,62.0,58.0,85.0,79.0
S0695,Ananya,Female,23,ECE,2.7,99.0,80.0,69.0,45.0
S0696,Sourav,Female,23,IT,3.1,84.0,83.0,88.0,43.0
S0697,Aditya,Male,19,ECE,5.5,84.0,76.0,60.0,68.0
S0698,Sayan,Female,20,ME,4.5,82.0,84.0,45.0,79.0
S0699,Amit,Female,21,ECE,5.2,84.0,50.0,48.0,71.0
S0700,Neha,Female,19,Civil,7.8,59.0,63.0,44.0,87.0
S0701,Abhishek,Female,18,ME,2.0,73.0,81.0,79.0,65.0
S0702,Pallavi,Female,20,CSE,6.4,84.0,81.0,87.0,75.0
S0703,Sneha,Male,24,CSE,6.7,77.0,77.0,46.0,79.0
S0704,Riya,Male,23,CSE,1.6,65.0,61.0,76.0,93.0
S0705,Riya,Female,22,Civil,3.2,98.0,82.0,42.0,70.0
S0706,Aditya,Female,19,Civil,5.4,97.0,71.0,92.0,83.0
S0707,Vikram,Male,23,ECE,7.0,59.0,76.0,73.0,79.0
S0708,Sourav,Female,22,ME,7.1,96.0,54.0,88.0,91.0
S0709,Aditya,Female,20,ME,3.4,73.0,91.0,66.0,57.0
S0710,Sourav,Male,19,IT,3.2,87.0,66.0,78.0,46.0
S0711,Vikram,Female,19,IT,3.5,69.0,50.0,49.0,54.0
S0712,Puja,Female,23,IT,2.7,69.0,42.0,76.0,95.0
S0713,Amit,Female,18,ECE,1.6,68.0,80.0,82.0,45.0
S0714,Tanya,Male,20,Civil,3.9,91.0,76.0,75.0,87.0
S0715,Vikram,Male,19,Civil,3.9,98.0,57.0,90.0,45.0
S0716,Arjun,Female,18,CSE,3.9,73.0,40.0,65.0,41.0
S0717,Rohan,Male,21,IT,5.0,90.0,55.0,63.0,55.0
S0718,Aarav,Female,18,ECE,3.3,63.0,60.0,67.0,90.0
S0719,Sourav,Female,20,CSE,5.8,75.0,56.0,71.0,82.0
S0720,Tanya,Male,19,Civil,3.5,90.0,96.0,93.0,82.0
S0721,Vikram,Male,20,CSE,5.5,57.0,62.0,62.0,58.0
S0722,Puja,Female,19,ECE,5.9,63.0,62.0,67.0,68.0
S0723,Priya,Male,20,ECE,1.6,56.0,62.0,95.0,49.0
S0724,Puja,Male,21,IT,7.6,88.0,56.0,75.0,66.0
S0725,Priya,Female,20,ME,4.3,79.0,95.0,44.0,76.0
S0726,Puja,Male,23,CSE,6.0,95.0,47.0,69.0,60.0
S0727,Rahul,Female,22,ME,1.1,63.0,75.0,45.0,41.0
S0728,Rahul,Female,23,ECE,4.4,74.0,94.0,84.0,56.0
S0729,Rohan,Male,20,IT,2.9,84.0,86.0,91.0,54.0
S0730,Arjun,Male,24,Civil,2.5,72.0,72.0,79.0,78.0
S0731,Amit,Male,21,Civil,5.4,75.0,93.0,95.0,42.0
S0732,Sneha,Male,19,CSE,1.4,96.0,80.0,82.0,68.0
S0733,Pallavi,Female,23,Civil,5.1,88.0,41.0,64.0,66.0
S0734,Riya,Female,20,ME,1.2,55.0,53.0,92.0,55.0
S0735,Vikram,Female,23,CSE,6.9,57.0,70.0,50.0,61.0
S0736,Aarav,Male,24,CSE,6.8,95.0,41.0,89.0,64.0
S0737,Riya,Male,22,ME,2.6,61.0,53.0,90.0,74.0
S0738,Moumita,Female,19,ECE,4.3,76.0,57.0,43.0,63.0
S0739,Priya,Female,18,Civil,4.0,61.0,89.0,97.0,83.0
S0740,Kunal,Male,24,CSE,3.0,95.0,91.0,96.0,66.0
S0741,Moumita,Female,22,IT,1.4,59.0,42.0,76.0,43.0
S0742,Abhishek,Male,22,ME,2.0,64.0,49.0,67.0,60.0
S0743,Moumita,Male,23,IT,5.5,59.0,86.0,57.0,81.0
S0744,Amit,Male,21,IT,3.6,94.0,88.0,61.0,96.0
S0745,Arjun,Female,20,Civil,5.4,62.0,56.0,56.0,56.0
S0746,Deb,Male,23,ECE,7.6,93.0,94.0,66.0,50.0
S0747,Tanya,Male,21,ME,1.1,100.0,76.0,49.0,66.0
S0748,Sneha,Female,18,ME,8.0,90.0,46.0,70.0,61.0
S0749,Amit,Female,23,Civil,7.8,58.0,68.0,42.0,55.0
S0750,Moumita,Male,24,IT,5.2,93.0,74.0,42.0,73.0
S0751,Riya,Female,19,ECE,7.5,78.0,51.0,87.0,81.0
S0752,Deb,Female,19,ME,5.4,99.0,56.0,45.0,45.0
S0753,Kunal,Male,18,Civil,5.7,99.0,50.0,79.0,58.0
S0754,Nisha,Male,24,IT,5.6,76.0,89.0,46.0,90.0
S0755,Sourav,Male,24,IT,5.0,92.0,74.0,45.0,88.0
S0756,Vikram,Female,19,ECE,5.4,83.0,56.0,87.0,53.0
S0757,Sneha,Male,20,ME,6.3,66.0,40.0,83.0,50.0
S0758,Deb,Male,24,ME,2.9,96.0,43.0,92.0,94.0
S0759,Kunal,Male,24,Civil,5.9,98.0,86.0,67.0,95.0
S0760,Riya,Female,23,ME,2.2,56.0,46.0,75.0,71.0
S0761,Deb,Female,24,CSE,5.0,56.0,91.0,48.0,64.0
S0762,Kunal,Male,18,Civil,6.4,65.0,51.0,96.0,45.0
S0763,Riya,Female,21,ME,3.5,62.0,74.0,62.0,70.0
S0764,Ananya,Female,20,CSE,2.8,78.0,41.0,81.0,42.0
S0765,Moumita,Female,20,IT,4.9,65.0,41.0,86.0,39.0
S0766,Abhishek,Female,19,CSE,2.0,70.0,58.0,91.0,47.0
S0767,Sayan,Male,21,Civil,6.9,58.0,97.0,86.0,43.0
S0768,Aarav,Male,20,ME,3.4,90.0,81.0,84.0,78.0
S0769,Vikram,Female,23,ECE,4.6,85.0,98.0,72.0,43.0
S0770,Puja,Female,19,CSE,1.4,77.0,53.0,97.0,75.0
S0771,Aarav,Male,24,CSE,1.6,96.0,96.0,56.0,89.0
S0772,Ananya,Female,18,ME,5.4,68.0,67.0,95.0,90.0
S0773,Ananya,Male,24,ECE,5.8,99.0,48.0,65.0,94.0
S0774,Riya,Female,22,ME,4.2,70.0,82.0,77.0,62.0
S0775,Deb,Male,21,Civil,6.7,81.0,69.0,88.0,61.0
S0776,Neha,Male,20,Civil,3.7,63.0,45.0,50.0,93.0
S0777,Deb,Female,18,CSE,3.9,88.0,86.0,62.0,57.0
S0778,Arjun,Female,20,CSE,7.8,72.0,76.0,95.0,95.0
S0779,Ishita,Male,18,ECE,6.4,81.0,79.0,50.0,70.0
S0780,Deb,Male,20,CSE,4.8,97.0,65.0,43.0,47.0
S0781,Riya,Male,24,ECE,7.1,63.0,93.0,63.0,41.0
S0782,Riya,Male,21,CSE,4.8,84.0,52.0,93.0,65.0
S0783,Rohan,Male,24,IT,5.1,65.0,84.0,87.0,70.0
S0784,Sourav,Male,21,ECE,2.8,82.0,50.0,64.0,49.0
S0785,Ananya,Male,23,ECE,4.3,59.0,57.0,96.0,76.0
S0786,Ananya,Male,23,CSE,7.3,88.0,54.0,51.0,56.0
S0787,Nisha,Female,21,IT,3.5,82.0,63.0,81.0,91.0
S0788,Abhishek,Female,20,CSE,4.5,58.0,59.0,45.0,90.0
S0789,Ananya,Female,22,ECE,2.5,83.0,54.0,49.0,40.0
S0790,Pallavi,Female,20,Civil,4.2,58.0,50.0,91.0,39.0
S0791,Abhishek,Female,19,Civil,3.4,64.0,95.0,83.0,58.0
S0792,Priya,Male,23,Civil,2.0,62.0,41.0,55.0,56.0
S0793,Puja,Male,19,ECE,4.9,56.0,69.0,84.0,39.0
S0794,Kunal,Female,21,ECE,1.3,81.0,93.0,76.0,52.0
S0795,Diya,Female,20,CSE,2.8,70.0,87.0,85.0,87.0
S0796,Aditya,Male,21,CSE,1.9,100.0,66.0,71.0,53.0
S0797,Aarav,Female,22,Civil,3.3,77.0,68.0,60.0,77.0
S0798,Ananya,Female,24,Civil,6.6,86.0,78.0,86.0,96.0
S0799,Aditya,Female,19,ECE,1.3,69.0,76.0,49.0,80.0
S0800,Rohan,Male,20,IT,4.1,77.0,65.0,43.0,69.0
S0801,Nisha,Female,20,CSE,4.5,58.0,44.0,51.0,66.0
S0802,Moumita,Male,20,IT,6.7,73.0,47.0,67.0,63.0
S0803,Riya,Male,23,Civil,6.7,94.0,44.0,53.0,93.0
S0804,Aditya,Male,18,ME,7.8,65.0,85.0,96.0,53.0
S0805,Ishita,Male,21,ME,8.0,92.0,78.0,68.0,84.0
S0806,Amit,Male,19,ME,3.4,57.0,95.0,93.0,63.0
S0807,Priya,Male,19,CSE,4.1,73.0,46.0,70.0,50.0
S0808,Sourav,Male,24,CSE,3.3,81.0,48.0,89.0,51.0
S0809,Kunal,Female,21,ME,3.8,78.0,44.0,84.0,76.0
S0810,Moumita,Male,23,ECE,4.4,99.0,93.0,84.0,40.0
S0811,Ishita,Male,22,ME,6.6,79.0,66.0,67.0,52.0
S0812,Tanya,Female,24,ME,6.6,92.0,98.0,88.0,89.0
S0813,Vikram,Male,21,CSE,3.1,85.0,58.0,92.0,88.0
S0814,Priya,Male,20,CSE,4.6,97.0,76.0,91.0,80.0
S0815,Puja,Male,24,ECE,3.9,95.0,96.0,71.0,82.0
S0816,Pallavi,Male,24,ME,6.9,78.0,92.0,97.0,40.0
S0817,Moumita,Female,20,IT,1.3,81.0,57.0,64.0,87.0
S0818,Nisha,Male,19,Civil,7.6,64.0,97.0,63.0,71.0
S0819,Sayan,Female,20,ECE,2.5,76.0,49.0,53.0,65.0
S0820,Abhishek,Male,23,ECE,6.8,76.0,84.0,49.0,76.0
S0821,Kunal,Female,20,ECE,5.9,65.0,41.0,60.0,88.0
S0822,Vikram,Female,19,ME,1.9,89.0,52.0,43.0,96.0
S0823,Moumita,Male,19,ME,4.1,55.0,68.0,54.0,88.0
S0824,Aditya,Female,21,CSE,6.3,79.0,93.0,93.0,63.0
S0825,Sneha,Female,23,Civil,7.3,68.0,94.0,56.0,89.0
S0826,Neha,Male,19,ECE,1.0,86.0,81.0,58.0,93.0
S0827,Kunal,Male,18,Civil,6.4,84.0,76.0,54.0,44.0
S0828,Amit,Female,18,ME,5.3,62.0,68.0,90.0,58.0
S0829,Tanya,Male,23,IT,1.1,77.0,44.0,82.0,90.0
S0830,Priya,Male,20,ECE,6.5,88.0,51.0,66.0,88.0
S0831,Priya,Male,23,ME,2.9,100.0,71.0,55.0,60.0
S0832,Tanya,Male,22,ECE,3.2,68.0,87.0,51.0,61.0
S0833,Ananya,Male,21,ME,5.9,85.0,49.0,96.0,78.0
S0834,Riya,Male,20,ME,2.0,77.0,48.0,58.0,44.0
S0835,Sourav,Female,22,Civil,3.4,89.0,69.0,60.0,76.0
S0836,Sneha,Male,24,CSE,7.6,59.0,77.0,97.0,80.0
S0837,Kunal,Female,19,IT,2.1,77.0,84.0,77.0,96.0
S0838,Ishita,Male,23,ME,7.0,93.0,93.0,61.0,89.0
S0839,Ananya,Female,18,Civil,5.9,97.0,43.0,69.0,49.0
S0840,Ananya,Female,20,ECE,2.8,89.0,62.0,57.0,73.0
S0841,Vikram,Female,23,ME,6.9,68.0,95.0,61.0,76.0
S0842,Riya,Female,19,ME,3.5,96.0,54.0,65.0,91.0
S0843,Pallavi,Male,24,CSE,5.7,100.0,65.0,86.0,55.0
S0844,Sourav,Female,24,ME,2.4,69.0,72.0,69.0,55.0
S0845,Amit,Male,18,ME,7.7,93.0,47.0,62.0,86.0
S0846,Aditya,Male,18,ME,3.2,85.0,64.0,81.0,86.0
S0847,Rahul,Female,18,IT,3.3,98.0,62.0,88.0,83.0
S0848,Ishita,Female,20,ME,1.4,76.0,54.0,55.0,79.0
S0849,Rohan,Female,20,CSE,1.5,89.0,81.0,49.0,84.0
S0850,Rohan,Male,19,ME,2.0,87.0,76.0,60.0,76.0
S0851,Amit,Male,22,CSE,4.4,96.0,47.0,48.0,81.0
S0852,Abhishek,Female,18,IT,6.5,87.0,51.0,71.0,73.0
S0853,Tanya,Female,19,Civil,3.2,67.0,94.0,55.0,61.0
S0854,Ishita,Male,21,ME,4.2,98.0,58.0,43.0,68.0
S0855,Abhishek,Male,19,ECE,1.6,99.0,92.0,56.0,82.0
S0856,Amit,Male,19,Civil,6.1,65.0,82.0,52.0,89.0
S0857,Amit,Male,19,Civil,1.2,82.0,44.0,71.0,94.0
S0858,Arjun,Male,19,ME,2.7,84.0,79.0,70.0,47.0
S0859,Rahul,Female,24,CSE,5.2,68.0,97.0,56.0,47.0
S0860,Rahul,Female,19,Civil,2.3,62.0,62.0,79.0,43.0
S0861,Puja,Male,20,CSE,6.2,92.0,52.0,54.0,51.0
S0862,Kunal,Male,21,ME,3.9,56.0,59.0,42.0,59.0
S0863,Deb,Female,21,CSE,3.1,67.0,86.0,97.0,80.0
S0864,Aarav,Female,19,Civil,1.5,98.0,95.0,81.0,43.0
S0865,Nisha,Female,24,Civil,5.3,78.0,46.0,44.0,75.0
S0866,Nisha,Female,20,ME,4.7,73.0,42.0,95.0,43.0
S0867,Diya,Female,18,ME,5.8,84.0,90.0,51.0,66.0
S0868,Amit,Female,20,CSE,3.8,62.0,41.0,58.0,73.0
S0869,Vikram,Female,24,CSE,7.3,97.0,56.0,55.0,49.0
S0870,Tanya,Female,22,Civil,5.1,75.0,86.0,75.0,70.0
S0871,Sourav,Female,20,IT,3.2,96.0,49.0,97.0,67.0
S0872,Pallavi,Male,24,IT,7.8,83.0,86.0,81.0,91.0
S0873,Arjun,Female,19,ME,3.2,98.0,80.0,80.0,96.0
S0874,Aditya,Male,23,CSE,7.3,87.0,71.0,78.0,62.0
S0875,Rohan,Female,19,CSE,7.6,81.0,48.0,71.0,45.0
S0876,Neha,Male,20,IT,7.2,91.0,62.0,52.0,91.0
S0877,Rohan,Male,21,Civil,3.5,67.0,65.0,96.0,86.0
S0878,Ishita,Male,19,ME,7.8,72.0,78.0,48.0,59.0
S0879,Rahul,Male,20,IT,4.0,86.0,86.0,69.0,72.0
S0880,Ishita,Male,19,Civil,7.9,92.0,42.0,64.0,57.0
S0881,Diya,Male,24,CSE,2.6,78.0,65.0,58.0,53.0
S0882,Sneha,Female,21,ME,4.0,97.0,90.0,85.0,43.0
S0883,Neha,Male,18,CSE,1.8,91.0,90.0,81.0,49.0
S0884,Amit,Male,21,CSE,4.5,59.0,45.0,79.0,52.0
S0885,Ishita,Female,21,Civil,7.5,89.0,43.0,56.0,55.0
S0886,Riya,Female,19,Civil,4.1,98.0,72.0,60.0,93.0
S0887,Diya,Male,22,Civil,1.5,91.0,70.0,71.0,42.0
S0888,Rahul,Male,20,ME,5.9,67.0,43.0,49.0,56.0
S0889,Arjun,Male,23,IT,3.9,64.0,62.0,53.0,61.0
S0890,Tanya,Male,22,IT,2.5,80.0,92.0,70.0,44.0
S0891,Kunal,Male,21,IT,7.1,68.0,61.0,58.0,88.0
S0892,Tanya,Male,18,IT,4.5,100.0,95.0,90.0,83.0
S0893,Pallavi,Male,18,CSE,3.9,88.0,85.0,89.0,51.0
S0894,Rohan,Male,24,ME,2.1,88.0,72.0,72.0,83.0
S0895,Rohan,Female,23,CSE,3.4,61.0,46.0,82.0,56.0
S0896,Nisha,Female,19,ECE,3.3,99.0,65.0,79.0,80.0
S0897,Ananya,Female,23,IT,1.8,64.0,94.0,48.0,84.0
S0898,Nisha,Male,21,Civil,2.7,61.0,80.0,73.0,65.0
S0899,Rohan,Male,24,CSE,1.9,89.0,92.0,60.0,82.0
S0900,Abhishek,Female,24,CSE,7.9,98.0,57.0,64.0,78.0
S0901,Priya,Male,24,IT,4.5,70.0,83.0,90.0,78.0
S0902,Deb,Female,22,ECE,1.6,66.0,40.0,57.0,42.0
S0903,Nisha,Female,23,IT,3.6,62.0,45.0,42.0,84.0
S0904,Sayan,Female,19,CSE,1.9,78.0,79.0,71.0,70.0
S0905,Puja,Female,22,Civil,7.2,62.0,40.0,91.0,44.0
S0906,Sourav,Female,21,CSE,1.8,89.0,42.0,94.0,63.0
S0907,Sourav,Male,19,Civil,4.8,80.0,96.0,64.0,70.0
S0908,Deb,Female,18,ME,1.3,77.0,47.0,48.0,51.0
S0909,Neha,Male,24,IT,5.0,67.0,43.0,88.0,81.0
S0910,Tanya,Female,20,ME,7.7,59.0,47.0,83.0,43.0
S0911,Neha,Female,21,Civil,5.9,80.0,50.0,70.0,96.0
S0912,Riya,Male,18,IT,6.4,64.0,82.0,64.0,40.0
S0913,Deb,Male,24,Civil,5.9,70.0,48.0,70.0,59.0
S0914,Priya,Female,18,ECE,5.4,81.0,88.0,47.0,49.0
S0915,Riya,Male,22,ME,3.4,70.0,52.0,79.0,72.0
S0916,Moumita,Female,23,IT,2.3,55.0,75.0,64.0,51.0
S0917,Amit,Female,21,ECE,4.8,79.0,98.0,50.0,39.0
S0918,Riya,Male,19,Civil,6.1,88.0,67.0,97.0,72.0
S0919,Rohan,Female,18,CSE,3.5,90.0,50.0,44.0,59.0
S0920,Amit,Female,18,ME,7.7,86.0,71.0,89.0,53.0
S0921,Tanya,Female,20,ME,3.1,59.0,89.0,70.0,39.0
S0922,Rahul,Female,18,ECE,4.6,67.0,86.0,53.0,55.0
S0923,Nisha,Female,19,CSE,5.3,69.0,92.0,52.0,81.0
S0924,Pallavi,Female,20,ECE,1.6,89.0,59.0,95.0,78.0
S0925,Ishita,Female,21,CSE,6.5,75.0,82.0,58.0,62.0
S0926,Ishita,Male,21,ME,3.7,85.0,80.0,73.0,72.0
S0927,Rohan,Female,22,IT,7.1,73.0,85.0,63.0,93.0
S0928,Amit,Female,19,ME,2.4,83.0,71.0,81.0,81.0
S0929,Vikram,Male,23,CSE,5.9,71.0,49.0,86.0,88.0
S0930,Diya,Male,19,CSE,6.9,95.0,85.0,82.0,86.0
S0931,Moumita,Male,18,ME,1.7,78.0,49.0,61.0,44.0
S0932,Moumita,Female,22,CSE,7.7,99.0,84.0,61.0,48.0
S0933,Ishita,Male,18,IT,3.7,64.0,92.0,43.0,85.0
S0934,Vikram,Female,20,IT,2.7,91.0,94.0,74.0,94.0
S0935,Neha,Female,24,ECE,7.6,75.0,80.0,64.0,46.0
S0936,Sayan,Male,18,Civil,7.6,60.0,92.0,85.0,51.0
S0937,Ananya,Female,24,CSE,3.8,64.0,66.0,51.0,82.0
S0938,Rohan,Male,20,IT,3.5,65.0,78.0,96.0,66.0
S0939,Pallavi,Female,23,IT,4.3,67.0,90.0,93.0,46.0
S0940,Rohan,Female,19,IT,2.8,73.0,54.0,57.0,54.0
S0941,Aarav,Female,20,CSE,4.8,63.0,65.0,96.0,64.0
S0942,Neha,Male,19,ECE,5.8,90.0,69.0,96.0,48.0
S0943,Rohan,Female,23,ECE,7.4,89.0,76.0,61.0,52.0
S0944,Amit,Female,24,IT,1.9,96.0,69.0,57.0,60.0
S0945,Sourav,Male,18,ME,1.6,65.0,98.0,77.0,77.0
S0946,Deb,Female,21,Civil,6.3,100.0,74.0,50.0,84.0
S0947,Vikram,Male,21,Civil,3.8,61.0,95.0,55.0,61.0
S0948,Nisha,Female,20,Civil,5.5,59.0,68.0,42.0,61.0
S0949,Kunal,Male,18,ECE,2.4,63.0,40.0,71.0,44.0
S0950,Puja,Female,24,Civil,1.2,57.0,49.0,89.0,85.0
S0951,Nisha,Male,23,CSE,4.0,55.0,50.0,67.0,58.0
S0952,Rahul,Male,23,ECE,1.8,81.0,65.0,75.0,56.0
S0953,Abhishek,Male,23,CSE,7.6,68.0,89.0,88.0,90.0
S0954,Rahul,Female,21,Civil,3.3,85.0,92.0,65.0,62.0
S0955,Amit,Female,19,ECE,3.4,88.0,50.0,49.0,40.0
S0956,Kunal,Male,18,Civil,2.8,75.0,44.0,63.0,60.0
S0957,Pallavi,Male,19,ME,1.5,90.0,74.0,87.0,56.0
S0958,Ananya,Female,20,IT,7.2,100.0,47.0,83.0,74.0
S0959,Aditya,Male,21,IT,6.5,83.0,51.0,80.0,96.0
S0960,Rahul,Female,24,CSE,4.0,75.0,50.0,58.0,80.0
S0961,Amit,Female,21,ME,6.3,60.0,55.0,60.0,83.0
S0962,Pallavi,Female,23,ECE,4.0,63.0,62.0,70.0,72.0
S0963,Vikram,Female,19,Civil,1.1,77.0,84.0,97.0,91.0
S0964,Puja,Female,18,CSE,4.7,92.0,40.0,52.0,90.0
S0965,Sayan,Female,19,ECE,7.1,63.0,64.0,51.0,68.0
S0966,Abhishek,Female,22,IT,4.8,77.0,44.0,72.0,42.0
S0967,Rahul,Male,20,ME,7.3,70.0,90.0,44.0,64.0
S0968,Abhishek,Female,23,IT,3.4,57.0,55.0,76.0,49.0
S0969,Moumita,Female,24,Civil,5.2,77.0,58.0,64.0,78.0
S0970,Vikram,Female,21,ECE,5.8,64.0,79.0,51.0,82.0
S0971,Neha,Female,19,IT,4.2,76.0,77.0,46.0,74.0
S0972,Moumita,Male,22,IT,1.0,66.0,58.0,80.0,38.0
S0973,Riya,Male,22,Civil,6.4,68.0,98.0,86.0,93.0
S0974,Deb,Female,24,ME,7.3,97.0,42.0,57.0,50.0
S0975,Ishita,Male,24,ECE,2.4,82.0,92.0,68.0,72.0
S0976,Vikram,Male,19,IT,4.1,94.0,54.0,71.0,77.0
S0977,Ishita,Female,24,Civil,4.5,83.0,46.0,91.0,78.0
S0978,Arjun,Female,22,ECE,7.0,85.0,51.0,78.0,41.0
S0979,Pallavi,Female,19,CSE,2.7,66.0,49.0,49.0,57.0
S0980,Rohan,Female,24,ECE,6.3,61.0,63.0,60.0,62.0
S0981,Neha,Female,18,IT,7.8,77.0,42.0,44.0,48.0
S0982,Sourav,Female,24,Civil,4.3,88.0,88.0,51.0,82.0
S0983,Tanya,Female,19,IT,3.7,96.0,93.0,97.0,61.0
S0984,Rahul,Female,22,Civil,1.1,70.0,41.0,78.0,41.0
S0985,Ananya,Male,20,CSE,3.4,98.0,59.0,60.0,60.0
S0986,Neha,Male,18,ME,7.7,92.0,52.0,90.0,74.0
S0987,Aarav,Female,22,ME,1.4,58.0,77.0,55.0,88.0
S0988,Tanya,Female,23,CSE,1.8,62.0,64.0,79.0,57.0
S0989,Moumita,Female,21,IT,2.5,56.0,80.0,62.0,54.0
S0990,Abhishek,Male,18,CSE,1.9,68.0,91.0,90.0,84.0
S0991,Priya,Female,23,CSE,2.3,96.0,49.0,60.0,58.0
S0992,Vikram,Female,21,ECE,1.3,97.0,71.0,66.0,60.0
S0993,Deb,Female,21,ME,5.5,59.0,59.0,47.0,41.0
S0994,Arjun,Male,23,ECE,7.1,78.0,93.0,85.0,49.0
S0995,Rohan,Female,20,ME,1.5,64.0,92.0,46.0,66.0
S0996,Neha,Female,19,CSE,4.0,70.0,40.0,69.0,39.0
S0997,Sneha,Female,20,IT,2.7,56.0,64.0,95.0,64.0
S0998,Aarav,Female,21,Civil,5.7,67.0,46.0,86.0,47.0
S0999,Puja,Female,18,ME,3.0,68.0,74.0,75.0,62.0
S1000,Tanya,Female,22,Civil,6.8,93.0,59.0,61.0,67.0
